[' DEÜ', ' Facebook', ' Twitter', ' Instagram', ' Youtube', 'Menüye Geç', 'Home', 'About ', 'History', 'Vision & Mission', 'Administration', 'Boards', 'Commissions', 'Academic Staff', 'Administrative Staff', 'Vessel Staff', 'Infrastructure', 'Institute Photos', 'Unit Risk Strategy Files', 'Public Utility Standards', 'Programmes ', 'Preview Video of the Institute', 'Marine Living Resources', 'Marine Chemistry', 'Marine Geology and Geophysics', 'Physical Oceanography', 'Naval Architecture', 'Coastal Zone Management', 'Coastal Engineering', 'Underwater Archaeology', 'Research Vessels ', 'R/V K. Piri Reis', 'Dokuz Eylül 3', 'Dokuz Eylül 4', 'Research Boat', 'Projects', 'Student ', 'Internships', 'Exchange Programmes', 'Student Affairs', 'Links', 'Contact', 'Academic Staff', 'ACADEMIC STAFF', 'ACADEMIC STAFF', 'INTERNAL PHONE', 'E-MAIL', 'Prof.Dr. Şermin AÇIK ÇINAR (Director)', '101-102-142-178', 'sermin.acikcinar@deu.edu.tr', 'Assoc.Prof.Dr. Sinem ÖNEN (Vice Director)', '163', 'sinem.onen@deu.edu.tr', 'Prof.Dr. Şükrü Turan BEŞİKTEPE (Head of MS Dep)', '129', 'sukru.besiktepe@deu.edu.tr', 'Assoc.Prof.Dr. Erkin ALTUNSARAY (Head of MT Dep)', '116', 'erkin.altunsaray@deu.edu.tr', 'Prof.Dr. Şengül BEŞİKTEPE', '146', 'sengul.besiktepe@deu.edu.tr', 'Prof.Dr. Nihayet BİZSEL', '135', 'nihayet.bizsel@deu.edu.tr', 'Prof.Dr. Bülent CİHANGİR', '115', 'bulent.cihangir@deu.edu.tr', 'Prof.Dr. Derman DONDURUR', '112', 'derman.dondurur@deu.edu.tr', 'Prof.Dr. Muhammet DUMAN', '119', 'muhammet.duman@deu.edu.tr', 'Prof.Dr. İdil ERDEN PAZI', '113', 'idil.erden@deu.edu.tr', 'Prof.Dr. Kadri Turgut GÜRSEL', '148', 'turgut.gursel@deu.edu.tr', 'Prof.Dr. Aslı KAÇAR', '127', 'asli.kacar@deu.edu.tr', 'Prof.Dr. Gökdeniz NEŞER', '147', 'gokdeniz.neser@deu.edu.tr', 'Prof.Dr. Erdeniz ÖZEL', '103', 'erdeniz.ozel@deu.edu.tr', 'Prof.Dr. Erdem SAYIN', '108', 'erdem.sayin@deu.edu.tr', 'Prof.Dr. Esin SUZER', '114', 'esin.uluturhan@deu.edu.tr', 'Prof.Dr. Doğan YAŞAR', '128', 'dogan.yasar@deu.edu.tr', 'Prof.Dr. Ferah YILMAZ', '134', 'ferah.kocak@deu.edu.tr', 'Assoc.Prof.Dr. Erkin ALTUNSARAY', '121', 'erkin.altunsaray@deu.edu.tr', 'Assoc.Prof.Dr. Banu BİTLİS YİĞİT', '161', 'banu.bitlis@deu.edu.tr', 'Assoc.Prof.Dr. Kemal Can BİZSEL', '143', 'can.bizsel@deu.edu.tr', 'Assoc.Prof.Dr. Lütfi Tolga GÖNÜL', '151', 'tolga.gonul@deu.edu.tr', 'Assoc.Prof.Dr. Harun GÜÇLÜSOY', '170', 'harun.guclusoy@deu.edu.tr', 'Assoc.Prof.Dr. Murat GÜNDÜZ', '107', 'murat.gunduz@deu.edu.tr', 'Assoc.Prof.Dr. Mine Sezgül KAYSERİ ÖZER', '160', 'sezgul.kayseri@deu.edu.tr', 'Assoc.Prof.Dr. Seda OKAY GÜNAYDIN', '149', 'seda.okay@deu.edu.tr', 'Assoc.Prof.Dr. A. Harun ÖZDAŞ', '131', 'harun.ozdas@deu.edu.tr', 'Assoc.Prof.Dr. Şafak SEYHANEYILDIZ CAN', '164', 'safak.seyhaneyildizcan@deu.edu.tr', 'Assoc.Prof.Dr. Güzel YÜCEL GİER', '118', 'yucel.gier@deu.edu.tr', 'Assist.Prof.Dr. A. Hüsnü ERONAT', '121', 'husnu.eronat@deu.edu.tr', 'Assist.Prof.Dr. Nilhan KIZILDAĞ', '131', 'nilhan.kizildag@deu.edu.tr', 'Assist.Prof.Dr. E. Mümtaz TIRAŞIN', '144', 'mumtaz.tirasin@deu.edu.tr', 'Assist.Prof.Dr. Aydın ÜNLÜOĞLU', '144', 'aydin.uoglu@deu.edu.tr', 'Lect.Dr. Sezgi ADALIOĞLU', '156', 'sezgi.aoglu@deu.edu.tr', 'Lect.Dr. Barış AKÇALI', '141', 'baris.akcali@deu.edu.tr', 'Lect.Dr. Gökhan KABOĞLU', '110', 'gokhan.kaboglu@deu.edu.tr', 'Lect. Orhan ATGIN', '175', 'orhan.atgin@deu.edu.tr', 'Lect. Hulusi DEMİRCİOĞLU', '162', 'h.demircioglu@deu.edu.tr', 'Lect.Dr. Janset KAYAALP', '163', 'janset.kankus@deu.edu.tr', 'Lect. Ayberk SÖZEN', '156', 'ayberk.sozen@deu.edu.tr', 'Res.Assist.Dr. Hakan ALYÜRÜK', '156', 'hakan.alyuruk@deu.edu.tr', 'Res.Assist.Dr. Özde BAKAK', '121', 'ozde.badur@deu.edu.tr', 'Res.Assist.Dr. Elif CAN YILMAZ', '162', 'elif.can@deu.edu.tr', 'Res.Assist.Dr. Enis DARILMAZ', '166', 'enis.darilmaz@deu.edu.tr', 'Res.Assist.Dr. Canan ERONAT', '109', 'canan.ozturk@deu.edu.tr', 'Res.Assist.Dr. Can EYTEMİZ', '111', 'can.eytemiz@deu.edu.tr', 'Res.Assist.Dr. Tarık İLHAN', '156', 'tarik.ilhan@deu.edu.tr', 'Res.Assist. Remzi KAVCIOĞLU', '141', 'remzi.koglu@deu.edu.tr', 'Res.Assist. Aslıhan NASIF DONDURUR', '175', 'aslihan.nasif@deu.edu.tr', 'Res.Assist. Özkan ÖZEL', '111', 'ozkan.ozel@deu.edu.tr', 'Res.Assist. Mesut TANER', '161', 'mesut.taner@deu.edu.tr', 'Updated on: 02.03.2021', '© DEÜ - Deniz Bilimleri ve Teknolojisi Enstitüsü', '                    Kapat                ', 'Font Boyutunu Değiştir', 'A-', 'A+', 'Fontu Sıfırla', 'Font Değiştir', 'Kontrast', 'Renk Seçiniz', 'black', 'white', 'green', 'blue', 'red', 'orange', 'yellow', 'navi', 'Linklerin Altını Çiz', 'Linkleri Belirginleştir', 'Işıkları Kapat', 'Tümünü Sıfırla', '        Close sidebar    ']